algoritmo,complejidad_c,perfil,max_val,procesos_workers,tiempo_segundos_ab,tiempo_segundos_btat,speed_up_ab,eficiencia_ab,speed_up_btat,eficiencia_btat,equipo_cores,estado,error,checksum_ab,checksum_btat
secuencial,1024,cubo,256,1,69.697017,57.396771,3.102546,3.102546,3.076964,3.076964,22,ok,,34818311,34818311
secuencial (tradicional),1024,cubo,256,1,216.238226,176.607797,1.000000,1.000000,1.000000,1.000000,22,ok,,34818311,34818311
concurrent.futures.ThreadPoolExecutor,1024,cubo,256,16,18.180905,25.259255,11.893700,0.743356,6.991805,0.436988,22,ok,,34818311,34818311
threading,1024,cubo,256,16,23.817357,23.784791,9.079019,0.567439,7.425241,0.464078,22,ok,,34818311,34818311
concurrent.futures.ProcessPoolExecutor,1024,cubo,256,16,18.492709,18.103380,11.693161,0.730823,9.755515,0.609720,22,ok,,34818311,34818311
numba (njit),1024,cubo,256,16,2.391426,3.608904,90.422294,5.651393,48.936685,3.058543,22,ok,,34818311,34818311
